sourceCode,sourceName,sourceFrequency,sourceAutoAssignedConceptIds,ADD_INFO:Concept Name,matchScore,mappingStatus,conceptId,comment
FICOTA,Film-coated tablet,46024,19082573,Filmdragerad tablett,0.2858875095844269,APPROVED,19082573,
TABLET,Tablet,25957,19082573,Tablett,1.0,APPROVED,19082573,
CAPHAR,"Capsule, hard",8342,19082077,"Kapsel, hård",0.5829994678497314,APPROVED,19082077,
PRRETA,Prolonged-release tablet,7002,19082079,Depottablett,0.5529031753540039,APPROVED,19082079,
SOLINJ,Solution for injection,3713,46234469,"Injektionsvätska, lösning",0.5787578225135803,APPROVED,19082103,
GARETA,Gastro-resistant tablet,3709,19001949,Enterotablett,0.8114020824432373,APPROVED,19001949,
GARECH,"Gastro-resistant capsule, hard",2969,19082255,"Enterokapsel, hård",0.5905654430389404,APPROVED,19082255,
SOIJPS,"Solution for injection, pre-filled syringe",2891,46234469,"Injektionsvätska, lösning, förfylld spruta",0.49831998348236084,APPROVED,19126920,
ORDITA,Orodispersible tablet,2398,19082076,Munsönderfallande tablett,0.27212849259376526,APPROVED,19082573,
PRRECH,"Prolonged-release capsule, hard",2153,19082077,"Depotkapsel, hård",0.52284836769104,APPROVED,19082077,
SOLINF,Infusion,1767,,"Infusionsvätska, lösning",0.15270161628723145,APPROVED,19082103,
DISTAB,Dispersible tablet,1739,19082076,Dispergerbar tablett,0.298897385597229,APPROVED,19082076,
SOPEDI,Solution for peritoneal dialysis,1359,,Peritonealdialysvätska,0.5334427952766418,APPROVED,19082105,
COSINF,Concentrate for solution for infusion,1320,,"Koncentrat till infusionsvätska, lösning",0.3122333288192749,APPROVED,19082103,
CHETAB,Chewable tablet,1318,19135866,Tuggtablett,0.9737690091133118,APPROVED,19135866,
TRAPAT,transdermal patch,1318,19082229,Depotplåster,0.772556483745575,APPROVED,19082229,
PSSOIJ,Powder and solvent for solution for injection,1169,,"Pulver och vätska till injektionsvätska, lösning",0.5590737462043762,APPROVED,45775491,
MECHGU,medicated chewing gum,1153,,Medicinskt tuggummi,0.8360458612442017,APPROVED,19102296,
SUSINJ,Suspension for injection,1143,19082104,"Injektionsvätska, suspension",0.6900217533111572,APPROVED,19082104,
EMUINF,Emulsion for infusion,1105,,"Infusionsvätska, emulsion",0.20207636058330536,APPROVED,19082104,
ORASOL,Oral solution,1062,19082170,Oral lösning,1.0,APPROVED,19082170,
INHPOW,Inhalation powder,1022,,Inhalationspulver,0.8145379424095154,APPROVED,19082259,
SPONSO,Spot-on solution,950,,"Spot-on, lösning",0.3306812047958374,APPROVED,19111276,
COATAB,coated tablet,754,19082573,Dragerad tablett,0.5637792348861694,APPROVED,19082573,
SULITA,Sublingual tablet,729,19082285,"Resoriblett, sublingual",0.9945756793022156,APPROVED,19082285,
INPOPD,"Inhalation powder, pre-dispensed",694,,"Inhalationspulver, avdelad dos",0.5082263350486755,APPROVED,19082259,
SOINPP,Solution for injection prefilled pen,690,46234467,"Injektionsvätska, lösning i förfylld injektionspenna",0.4265318214893341,APPROVED,46234467,
CAPSOF,"Capsule, soft",687,,"Kapsel, mjuk",0.5819435715675354,APPROVED,19082168,
CREAM,Cream,631,19082224,Kräm,1.0,APPROVED,19082224,
EYDRSO,Eye Drops,612,,"Ögondroppar, lösning",0.16762612760066986,APPROVED,19129634,
EFFTAB,Effervescent tablet,530,44817840,Brustablett,0.9213123321533203,APPROVED,44817840,
SOIJIF,Solution for injection/infusion,520,,"Injektions-/infusionsvätska, lösning",0.3251951038837433,APPROVED,19082103,
POSOIF,Powder for solution for infusion,508,,"Pulver till infusionsvätska, lösning",0.6521444320678711,UNCHECKED,19082103,
POSOIJ,Powder for solution for injection,429,,"Pulver till injektionsvätska, lösning",0.746554970741272,UNCHECKED,19082103,
POSOII,Powder for solution for injection/infusion,404,,"Pulver till injektions-/infusionsvätska, lösning",0.5010673999786377,UNCHECKED,19082103,
LOZENG,Lozenge,374,,Sugtablett,0.9003570675849915,APPROVED,19082253,
ORASUS,Oral suspension,344,19082191,Oral suspension,1.0,APPROVED,19082191,
MEGACO,"Medicinal gas, compressed",338,,"Medicinsk gas, komprimerad",0.2687578499317169,APPROVED,19082258,
SUINPS,"Suspension for injection, pre-filled syringe",332,19082104,"Injektionsvätska, suspension, förfylld spruta",0.47424066066741943,APPROVED,19126920,
INPOHC,"Inhalation powder, hard capsule",329,,"Inhalationspulver, hård kapsel",0.5593885779380798,APPROVED,19082259,
OINTME,Ointment,326,,Salva,0.991202712059021,APPROVED,19082227,
MORETA,Modified-release tablet,305,19082079,Tablett med modifierad frisättning,0.5624417066574097,APPROVED,19082079,
PSSUIJ,Powder and solvent for suspension for injection,302,,"Pulver och vätska till injektionsvätska, suspension",0.6175855398178101,UNCHECKED,19082104,
GEL1,Gel,301,19095973,Gel,1.0,APPROVED,19095973,
ORALYO,Lyophilisates,267,,Frystorkad tablett,0.07161235064268112,UNCHECKED,19082166,
POSOSA,Powder for oral solution in sachet,267,,Pulver till oral lösning i dospåse,0.762160062789917,APPROVED,45775491,
PCSOIF,Powder for concentrate for solution for infusion,258,,"Pulver till koncentrat till infusionsvätska, lösning",0.5579330921173096,UNCHECKED,19082103,
NASPSU,"Nasal spray, suspension",241,,"Nässpray, suspension",0.7045897245407104,APPROVED,19095977,
SUINPP,Suspension for injection prefilled pen,241,46234467,"Injektionsvätska, suspension i förfylld injektionspenna",0.5261663198471069,AUTO_MAPPED_TO_1,19082104,
NASPSO,Nasal spray solution,236,,"Nässpray, lösning",0.8215684294700623,APPROVED,19082165,
CUTSOL,Cutaneous solution,228,,Kutan lösning,0.43239790201187134,UNCHECKED,19111276,
SOINCA,0,203,46234469,,0.0,UNCHECKED,0,
SUPPOS,Suppository,202,19000942,Suppositorium,1.0,APPROVED,19082200,
EMUINJ,Emulsion for injection,196,,"Injektionsvätska, emulsion",0.4333146810531616,APPROVED,19082104,
LSSUIJ,0,186,,,0.0,UNCHECKED,0,
EDSSDC,0,172,,,0.0,UNCHECKED,0,
MORCAH,"Modified-release capsule, hard",169,19082077,"Kapsel med modifierad frisättning, hård",0.5288628339767456,APPROVED,19082255,
POORSO,,164,,,0.0,UNCHECKED,0,
ORDRSO,0,151,,,0.0,UNCHECKED,0,
EYDRSU,"Eye drops, suspension",127,,"Ögondroppar, suspension",0.5083205103874207,UNCHECKED,19001144,
EMINIF,Emulsion for injection/infusion,126,,"Injektionsvätska/infusionsvätska, emulsion",0.2937011122703552,APPROVED,19082104,
RANUGE,0,124,,,0.0,UNCHECKED,0,
PRINSU,0,122,,,0.0,UNCHECKED,0,
NEBRSO,Nebuliser solution,120,,Lösning för nebulisator,0.3714437484741211,UNCHECKED,19111276,
PSPRSI,,119,,,0.0,UNCHECKED,0,
COMLOZ,Compressed lozenge,114,,Komprimerad sugtablett,0.6748961210250854,APPROVED,19082253,
POORSU,,109,,,0.0,UNCHECKED,0,
ORALIQ,Oral liquid,107,,Oral vätska,0.8456209897994995,APPROVED,40228416,
ORAPAS,Oral paste,106,,Oral pasta,1.0,APPROVED,19095918,
CHDITA,,104,,,0.0,UNCHECKED,0,
GRORSU,Granules for oral suspension,98,,Granulat till oral suspension,0.9979414939880371,APPROVED,45775490,
VAGTAB,Vaginal tablet,96,19010962,Vaginaltablett,1.0,APPROVED,19010962,
ORAPOW,Oral powder,92,,Oralt pulver,1.0,APPROVED,19095976,
MEDPAT,,91,,,0.0,UNCHECKED,0,
SUINCA,,90,19082104,,0.0,UNCHECKED,0,
PSSIJF,,80,,,0.0,UNCHECKED,0,
DICHTA,,78,,,0.0,UNCHECKED,0,
POONSO,Pour-on solution,78,,"Pour-on, lösning",0.3338595926761627,UNCHECKED,19111276,
PCSOII,Powder for concentrate for solution for injection/infusion,77,,"Pulver till koncentrat till injektions-/infusionsvätska, lösning",0.45493221282958984,UNCHECKED,45775491,
SOPAUS,Solvent for parenteral use,73,,Spädningsvätska för parenteral användning,0.19326256215572357,UNCHECKED,45775491,
SYRUP,,71,,,0.0,UNCHECKED,0,
SIJCIJ,,70,,,0.0,UNCHECKED,0,
CUTEMU,,69,,,0.0,UNCHECKED,0,
PSSUIP,,69,,,0.0,UNCHECKED,0,
GRANUL,Granules,68,,Granulat,0.8580392599105835,UNCHECKED,19082651,
PRINSO,"Pressurised inhalation, solution",65,,"Inhalationsspray, lösning",0.5917115211486816,UNCHECKED,19095898,
MEGACR,"Medicinal gas, cryogenic",62,,"Medicinsk gas, kryogen",0.2482052743434906,UNCHECKED,40228366,
PSSIPP,,61,,,0.0,UNCHECKED,0,
SUSOIJ,,60,,,0.0,UNCHECKED,0,
NEBRSU,Nebuliser suspension,59,,Suspension för nebulisator,0.5414379239082336,UNCHECKED,19001144,
IMPLAN,,58,,,0.0,UNCHECKED,0,
IMPPFS,,58,,,0.0,UNCHECKED,0,
MEGALI,"Medicinal gas, liquefied",58,,"Medicinsk gas, flytande",0.6400008201599121,UNCHECKED,35604394,
OROFIL,Orodispersible film,56,,Munsönderfallande film,0.24845245480537415,UNCHECKED,35604393,
SOLTAB,Soluble tablet,56,19082076,Löslig tablett,0.3896908760070801,APPROVED,19082573,
CSSOIF,,55,,,0.0,UNCHECKED,0,
PASTIL,Pastille,54,,Pastill,0.5468394160270691,UNCHECKED,19102295,
PSSOIF,,54,,,0.0,UNCHECKED,0,
EYEOIN,,53,,,0.0,UNCHECKED,0,
SHAMPO,,53,,,0.0,UNCHECKED,0,
KIRAPR,,52,,,0.0,UNCHECKED,0,
GELSAC,,51,19095973,,0.0,UNCHECKED,0,
GRORSO,,51,,,0.0,UNCHECKED,0,
ORAGEL,Oral gel,51,,Oral gel,1.0,UNCHECKED,19095916,
PRMEFE,Premix for medicated feeding stuff,50,,Premix till medicinfoder,0.27328401803970337,UNCHECKED,19130307,
PRSUIJ,Prolonged-release suspension for injection,47,,"Injektionsvätska, depotsuspension",0.46942341327667236,UNCHECKED,19082104,
SIJCIP,,46,,,0.0,UNCHECKED,0,
CUSPSO,"Cutaneous spray, solution",45,,"Kutan spray, lösning",0.44014135003089905,UNCHECKED,19095899,
MENALA,Medicated nail lacquer,45,,Medicinskt nagellack,0.3415938913822174,UNCHECKED,19130307,
SOHAFI,,45,,,0.0,UNCHECKED,0,
SOLSEL,,44,,,0.0,UNCHECKED,0,
SOLPRT,Solution for skin-prick test,42,,Lösning för pricktest,0.2655194401741028,UNCHECKED,19111276,
FCTEFG,,40,,,0.0,UNCHECKED,0,
CSSUIJ,,38,,,0.0,UNCHECKED,0,
ORMUSP,Oromucosal spray,38,,Munhålespray,0.8552223443984985,UNCHECKED,19095900,
CSIJIF,Concentrate for solution for injection/infusion,37,,"Koncentrat till injektions-/infusionsvätska, lösning",0.3049597144126892,UNCHECKED,19082103,
INVALI,"Inhalation vapour, liquid",37,,"Inhalationsånga, vätska",0.42354753613471985,UNCHECKED,40228416,
PRREGR,,37,,,0.0,UNCHECKED,0,
POSOSE,,36,,,0.0,UNCHECKED,0,
POSUSA,,34,19095976,,0.0,UNCHECKED,0,
RECSOL,,34,,,0.0,UNCHECKED,0,
SOIJPC,,34,,,0.0,UNCHECKED,0,
ORPOSA,,33,,,0.0,UNCHECKED,0,
GRPRGR,,31,,,0.0,UNCHECKED,0,
VAGGEL,,30,,,0.0,UNCHECKED,0,
BUCFIL,Buccal film,29,,Buckalfilm,1.0,UNCHECKED,40164192,
GRASAC,,29,,,0.0,UNCHECKED,0,
PESSAR,Pessary,28,19093368,Vagitorium,0.06110268086194992,AUTO_MAPPED_TO_1,19093368,
NASPOW,Nasal powder,27,,Näspulver,1.0,UNCHECKED,35604877,
RECFOA,Rectal foam,27,,Rektalskum,1.0,UNCHECKED,19082574,
INVLÖ,,26,,,0.0,UNCHECKED,0,
SOJFPS,,26,,,0.0,UNCHECKED,0,
BUCTAB,Buccal tablet,25,40175589,Buckaltablett,1.0,APPROVED,40227830,
EADRSU,"Ear drops, suspension",25,,"Örondroppar, suspension",0.541973352432251,UNCHECKED,19001144,
MOUWAS,Mouthwash,25,,Munsköljvätska,1.0,UNCHECKED,19126590,
ORSUSA,,25,,,0.0,UNCHECKED,0,
SUSOSP,,25,,,0.0,UNCHECKED,0,
COGRSA,,24,,,0.0,UNCHECKED,0,
RAPHPR,Radiopharmaceutical precursor,24,,Stamlösning till radioaktiva läkemedel,0.15587010979652405,UNCHECKED,19082283,
SOLINH,Inhalation solution,24,,"Inhalationsvätska, lösning",0.983729362487793,UNCHECKED,19095898,
LSUONS,,23,,,0.0,UNCHECKED,0,
DENSOL,Dental solution,20,,Dentallösning,0.6986570358276367,UNCHECKED,19082170,
INMASU,Intramammary suspension,20,,Intramammär suspension,0.538840651512146,UNCHECKED,19001144,
PONESO,Powder for nebuliser solution,20,,Pulver till lösning för nebulisator,0.5977156162261963,UNCHECKED,45775491,
LYOSUS,Lyophilisate for suspension,19,,Frystorkat pulver för suspension,0.4689766764640808,UNCHECKED,19001144,
LYSSUN,,19,,,0.0,UNCHECKED,0,
POUDWA,Powder for use in drinking water,19,,Pulver för användning i dricksvatten,0.3991445302963257,UNCHECKED,45775491,
INJVÄ,,18,,,0.0,UNCHECKED,0,
SEAMAT,Sealant matrix,18,,Matrix till vävnadslim,0.2301487922668457,UNCHECKED,19018195,
EDPRRE,,17,,,0.0,UNCHECKED,0,
EEDRSU,,17,,,0.0,UNCHECKED,0,
EFFGRA,,17,,,0.0,UNCHECKED,0,
GRGSUS,,17,,,0.0,UNCHECKED,0,
GRPRTA,Gastro-resistant prolonged-release tablet,17,,Enterodepottablett,0.6592390537261963,UNCHECKED,19082257,
PSSIJP,,17,,,0.0,UNCHECKED,0,
EADRSO,"Ear drops, solution",16,,"Örondroppar, lösning",0.3718947172164917,UNCHECKED,19111276,
ESUEIJ,,16,,,0.0,UNCHECKED,0,
SOIJIV,,16,,,0.0,UNCHECKED,0,
SOSOSC,,16,,,0.0,UNCHECKED,0,
SUDRWA,Suspension for use in drinking water,16,,Suspension för användning i dricksvatten,0.40437427163124084,UNCHECKED,19001144,
TABEFF,,16,,,0.0,UNCHECKED,0,
ETPISU,,15,,,0.0,UNCHECKED,0,
GRUDWA,Granules for use in drinking water,15,,Granulat för användning i dricksvatten,0.4649025797843933,UNCHECKED,45775489,
OPHINS,Ophthalmic insert,15,,Ögonlamell,0.68146151304245,UNCHECKED,19129634,
PRGRSA,,15,,,0.0,UNCHECKED,0,
SEALAN,Sealant,15,,Vävnadslim,0.4021051824092865,UNCHECKED,19018195,
SODRWA,Solution for use in drinking water,15,,Lösning för användning i dricksvatten,0.2632264792919159,UNCHECKED,19111276,
SULISP,Sublingual spray,15,19095900,Sublingualspray,0.7538308501243591,AUTO_MAPPED_TO_1,19082285,
GSORSU,,14,,,0.0,UNCHECKED,0,
INHGAS,,14,,,0.0,UNCHECKED,0,
INMAOI,Intramammary ointment,14,,Intramammär salva,0.5375393629074097,UNCHECKED,19095975,
LSSOIJ,,14,,,0.0,UNCHECKED,0,
NESOSD,,14,,,0.0,UNCHECKED,0,
RECOIN,Rectal ointment,14,19082282,Rektalsalva,0.9948710203170776,AUTO_MAPPED_TO_1,19082282,
SHFHDY,,14,,,0.0,UNCHECKED,0,
DENGEL,Dental gel,13,,Dentalgel,0.7336602807044983,UNCHECKED,19095916,
INUTDE,Intrauterine delivery system,13,,Intrauterint inlägg,0.3413682281970978,UNCHECKED,19082229,
OMPOPO,,13,,,0.0,UNCHECKED,0,
COLLAR,Collar,12,,Halsband,0.12873636186122894,UNCHECKED,19095913,
COORSO,Concentrate for oral solution,12,,Koncentrat till oral lösning,0.5046793818473816,UNCHECKED,19082170,
CUTPAT,Cutaneous patch,12,,Kutant plåster,0.5889813303947449,UNCHECKED,19082701,
NASPIN,,12,,,0.0,UNCHECKED,0,
RECGEL,,12,,,0.0,UNCHECKED,0,
RECSUS,Rectal suspension,12,,Rektalsuspension,1.0,UNCHECKED,19082221,
SEGOSU,,12,,,0.0,UNCHECKED,0,
SOIFPS,,12,,,0.0,UNCHECKED,0,
VAGDEV,,12,40167393,,0.0,UNCHECKED,0,
EYEGEL,Eye gel,11,,Ögongel,0.4418933391571045,UNCHECKED,19095916,
EYGESD,,11,,,0.0,UNCHECKED,0,
LYDRWA,Lyophilisate for use in drinking water,11,,Frystorkat pulver för användning i dricksvatten,0.121331587433815,UNCHECKED,19082257,
ORAEMU,,11,,,0.0,UNCHECKED,0,
ORMUPA,Oromucosal paste,11,,Munhålepasta,0.5195050835609436,UNCHECKED,19095900,
ORMUSO,Oromucosal solution,11,,Munhålelösning,0.5690520405769348,UNCHECKED,19095900,
BATADD,Bath additive,10,,Badtillsats,0.2501656115055084,UNCHECKED,19082675,
DENSUS,Dental suspension,10,,Dentalsuspension,0.8330379128456116,UNCHECKED,19082191,
LSUSIJ,,10,,,0.0,UNCHECKED,0,
LYSOIJ,Lyophilisate for solution for injection,10,,"Frystorkat pulver till injektionsvätska, lösning",0.35684648156166077,UNCHECKED,19082103,
ORMUGE,,10,,,0.0,UNCHECKED,0,
ORSOSA,,10,,,0.0,UNCHECKED,0,
CUTFOA,,9,,,0.0,UNCHECKED,0,
GAREGR,,9,,,0.0,UNCHECKED,0,
GOSUSA,,9,,,0.0,UNCHECKED,0,
IRRSOL,,9,,,0.0,UNCHECKED,0,
LYSOSU,,9,,,0.0,UNCHECKED,0,
NDSOSC,,9,,,0.0,UNCHECKED,0,
VAGCRE,,9,19010878,,0.0,UNCHECKED,0,
VAGDEL,Vaginal delivery system,9,,Vaginalinlägg,0.46434280276298523,UNCHECKED,19010962,
CRIRUD,Continuous-release intraruminal device,8,,"Intraruminalinlägg, kontinuerlig frisättning",0.18911762535572052,UNCHECKED,19082257,
CSOCSP,,8,,,0.0,UNCHECKED,0,
CUTPAS,Cutaneous paste,8,,Kutan pasta,0.4728209674358368,UNCHECKED,19102295,
INHSOL,,8,,,0.0,UNCHECKED,0,
ORSOSI,,8,,,0.0,UNCHECKED,0,
ORSPSO,"Oromucosal spray, solution",8,,"Munhålespray, lösning",0.7033147811889648,UNCHECKED,19095900,
PLPRTE,Plaster for provocation test,8,,Plåster för provokationstest,0.22186899185180664,UNCHECKED,45775491,
PSSUIV,,8,,,0.0,UNCHECKED,0,
RECCRE,Rectal cream,8,,Rektalkräm,0.9953569173812866,UNCHECKED,19082197,
SUSOJP,,8,,,0.0,UNCHECKED,0,
URESTI,Urethral stick,8,,Uretralstift,0.5792765021324158,UNCHECKED,19095974,
POSOIN,,7,,,0.0,UNCHECKED,0,
PRIRUD,Pulsatile-release intraruminal device,7,,"Intraruminalinlägg, periodvis frisättning",0.19207581877708435,UNCHECKED,19082257,
PSPRSS,,7,,,0.0,UNCHECKED,0,
TDISPS,,7,,,0.0,UNCHECKED,0,
EMIJPS,,6,,,0.0,UNCHECKED,0,
ENTKA,,6,,,0.0,UNCHECKED,0,
GATRCS,,6,,,0.0,UNCHECKED,0,
GELSDC,,6,,,0.0,UNCHECKED,0,
LYSOIF,Lyophilisate for solution for infusion,6,,"Frystorkat pulver till infusionsvätska, lösning",0.25915300846099854,UNCHECKED,19111276,
ORSUDR,Oral suspension for use in drinking water,6,,Oral suspension för användning i dricksvatten,0.43881112337112427,UNCHECKED,19082191,
POSSIJ,Powder for solution/suspension for injection,6,,"Pulver till injektionsvätska, lösning/suspension",0.5974072217941284,UNCHECKED,45775492,
PRRGRD,,6,,,0.0,UNCHECKED,0,
PSEMIJ,,6,,,0.0,UNCHECKED,0,
PSSIJC,,6,,,0.0,UNCHECKED,0,
PSSOIV,,6,,,0.0,UNCHECKED,0,
SHDYHF,Solution for haemodialysis/haemofiltration,6,,Hemodialysvätska/hemofiltrationsvätska,0.2097165733575821,UNCHECKED,19111276,
SOLHHH,,6,,,0.0,UNCHECKED,0,
SOORPR,Solution for organ preservation,6,,Vätska för organförvaring,0.33124497532844543,UNCHECKED,45775491,
SSORSP,,6,,,0.0,UNCHECKED,0,
TABVAG,,6,,,0.0,UNCHECKED,0,
COCUSO,Concentrate for cutaneous solution,5,,Koncentrat till kutan lösning,0.3665924668312073,UNCHECKED,19082106,
COSINJ,Concentrate for solution for injection,5,,"Koncentrat till injektionsvätska, lösning",0.4494446814060211,UNCHECKED,19082103,
CSOCIF,,5,,,0.0,UNCHECKED,0,
CUSPSU,"Cutaneous spray, suspension",5,,"Kutan spray, suspension",0.46949994564056396,UNCHECKED,19001144,
CUTPOW,,5,,,0.0,UNCHECKED,0,
CUTSUS,Cutaneous suspension,5,,Kutan suspension,0.6105304956436157,UNCHECKED,19001144,
EADRIS,,5,,,0.0,UNCHECKED,0,
EARGEL,Ear gel,5,,Örongel,0.5219951868057251,UNCHECKED,19095916,
EEDRSO,,5,,,0.0,UNCHECKED,0,
EYDREM,"Eye drops, emulsion",5,,"Ögondroppar, emulsion",0.10145978629589081,UNCHECKED,19082192,
INTSOL,Intravesical solution,5,,Intravesikal lösning,0.5883833765983582,UNCHECKED,19082106,
NADRSO,"Nasal drops, solution",5,,"Näsdroppar, lösning",0.5901593565940857,UNCHECKED,19082165,
NADRSU,"Nasal drops, suspension",5,,"Näsdroppar, suspension",0.6772545576095581,UNCHECKED,19095977,
NAOMSO,Nasal/oromucosal solution,5,,Näs-/munhålelösning,0.47144854068756104,UNCHECKED,19082165,
POSUIJ,,5,,,0.0,UNCHECKED,0,
PSIVES,,5,,,0.0,UNCHECKED,0,
PSORSU,,5,,,0.0,UNCHECKED,0,
PSPRSP,,5,,,0.0,UNCHECKED,0,
SUIJSV,,5,,,0.0,UNCHECKED,0,
VAGSOL,Vaginal solution,5,,Vaginallösning,0.7230439186096191,UNCHECKED,19010962,
BEHIST,Bee-hive strip,4,,Bikupestrip,0.34882524609565735,UNCHECKED,19126316,
COEINF,Concentrate for emulsion for infusion,4,,"Koncentrat till infusionsvätska, emulsion",0.17045733332633972,UNCHECKED,19082258,
COORSU,,4,,,0.0,UNCHECKED,0,
IMPCHA,Implantation chain,4,,Kedja för implantation,0.39136889576911926,UNCHECKED,40033316,
IMPDRE,Impregnated dressing,4,,Salvkompress,0.14881403744220734,UNCHECKED,40033316,
IMPTAB,Implantation tablet,4,,Tablett för implantation,0.46318113803863525,UNCHECKED,40033316,
INMASO,Intramammary solution,4,,Intramammär lösning,0.36926040053367615,UNCHECKED,19111276,
KAPSL,,4,,,0.0,UNCHECKED,0,
MORCAS,"Modified-release capsule, soft",4,,"Kapsel med modifierad frisättning, mjuk",0.5285156965255737,UNCHECKED,19082078,
MUADBT,Muco-adhesive buccal tablet,4,,"Buckaltablett, häftande",0.5095071196556091,UNCHECKED,40227830,
PODIIN,,4,,,0.0,UNCHECKED,0,
POSOIV,Powder for solution for intravesical use,4,,Pulver till lösning för intravesikal användning,0.5840518474578857,UNCHECKED,45775491,
PSCSIF,,4,,,0.0,UNCHECKED,0,
PSDIIJ,,4,,,0.0,UNCHECKED,0,
SIFCIF,,4,,,0.0,UNCHECKED,0,
SIJEPS,,4,,,0.0,UNCHECKED,0,
SOINNE,,4,,,0.0,UNCHECKED,0,
SUBSOL,,4,,,0.0,UNCHECKED,0,
TRAGEL,Transdermal gel,4,,Transdermal gel,0.6673470139503479,UNCHECKED,19082229,
TRSPSO,"Transdermal spray, solution",4,,"Transdermal spray, lösning",0.5225176811218262,UNCHECKED,19082229,
TSORSU,,4,,,0.0,UNCHECKED,0,
VGTACR,,4,,,0.0,UNCHECKED,0,
VGTCRE,,4,,,0.0,UNCHECKED,0,
AVLIVV,,3,,,0.0,UNCHECKED,0,
CODISO,Concentrate for dip solution,3,,"Koncentrat till bad, lösning",0.3377806544303894,UNCHECKED,19111276,
COSPEM,Concentrate for spray emulsion,3,,"Koncentrat till spray, emulsion",0.389016717672348,UNCHECKED,19095899,
COSUIF,Concentrate for suspension for infusion,3,,"Koncentrat till infusionsvätska, suspension",0.4762263298034668,UNCHECKED,19001144,
CUSPGE,,3,,,0.0,UNCHECKED,0,
CUTSTI,Cutaneous stick,3,,Kutant stift,0.2248879373073578,UNCHECKED,19082106,
DENINS,Dental insert,3,,Dentalinlägg,0.3940897583961487,UNCHECKED,19126590,
EADCSU,,3,,,0.0,UNCHECKED,0,
EDSOSP,,3,,,0.0,UNCHECKED,0,
GOSOSA,,3,,,0.0,UNCHECKED,0,
HERTEA,Herbal tea,3,,Örtte,0.11584661155939102,UNCHECKED,19082653,
INVASO,,3,,,0.0,UNCHECKED,0,
IVIMAP,,3,,,0.0,UNCHECKED,0,
LSOIJF,,3,,,0.0,UNCHECKED,0,
LUSUIJ,Lyophilisate for suspension for injection,3,,"Frystorkat pulver till injektionsvätska, suspension",0.47031164169311523,UNCHECKED,19082104,
ORRESO,Oral/rectal solution,3,,Oral lösning/rektallösning,0.509311318397522,UNCHECKED,19082283,
PERPOW,Periodontal powder,3,,Periodontalpulver,0.6314648389816284,UNCHECKED,19095976,
POONSU,Pour-on suspension,3,,"Pour-on, suspension",0.4955516457557678,UNCHECKED,19001144,
PORSUS,,3,,,0.0,UNCHECKED,0,
POSUIF,,3,,,0.0,UNCHECKED,0,
POSUIM,,3,,,0.0,UNCHECKED,0,
PSGIGP,,3,,,0.0,UNCHECKED,0,
SCASOL,Scalp solution,3,,Lösning för hårbotten,0.4241078197956085,UNCHECKED,19111276,
SEAPOW,,3,,,0.0,UNCHECKED,0,
SOINPU,,3,,,0.0,UNCHECKED,0,
SUBFIL,Sublingual film,3,,Sublingual film,0.7782996296882629,UNCHECKED,19082285,
TOOPAS,Toothpaste,3,,Tandkräm,1.0,UNCHECKED,19009068,
BLAIRR,Bladder irrigation,2,,Spolvätska för urinblåsan,0.5959285497665405,UNCHECKED,19016586,
CODLIF,,2,,,0.0,UNCHECKED,0,
CUTLIQ,Cutaneous liquid,2,,Kutan vätska,0.5743393898010254,UNCHECKED,40228416,
DISINJ,Dispersion for injection,2,,"Injektionsvätska, dispersion",0.4743899405002594,UNCHECKED,46234469,
DSIJIF,Dispersion for injection/infusion,2,,"Injektions-/infusionsvätska, dispersion",0.30555975437164307,UNCHECKED,46234469,
EARTAG,Ear tag,2,,Öronbricka,0.1316678524017334,UNCHECKED,40227748,
EAWASO,"Ear wash, solution",2,,"Öronsköljvätska, lösning",0.31688567996025085,UNCHECKED,19111276,
EDPSSU,,2,,,0.0,UNCHECKED,0,
ENTGEL,Intestinal gel,2,,Intestinal gel,0.619617760181427,UNCHECKED,19095916,
EYEAOI,,2,,,0.0,UNCHECKED,0,
GINSOL,Gingival solution,2,,Tandköttslösning,0.4790272116661072,UNCHECKED,19082170,
GODSOL,,2,,,0.0,UNCHECKED,0,
INUTTA,Intrauterine tablet,2,,Intrauterin tablett,0.35488632321357727,UNCHECKED,19001943,
IVLÖE,,2,,,0.0,UNCHECKED,0,
KIVLÖ,,2,,,0.0,UNCHECKED,0,
LYSNDS,,2,,,0.0,UNCHECKED,0,
OINCRE,,2,,,0.0,UNCHECKED,0,
ORCUPA,,2,,,0.0,UNCHECKED,0,
ORDREM,"Oral drops, emulsion",2,,"Orala droppar, emulsion",0.10287118703126907,UNCHECKED,19082191,
PERGEL,Periodontal gel,2,,Periodontalgel,0.5168440937995911,UNCHECKED,19095916,
POCUIC,,2,,,0.0,UNCHECKED,0,
POGEGE,,2,,,0.0,UNCHECKED,0,
PORSUC,,2,,,0.0,UNCHECKED,0,
POSMIM,,2,,,0.0,UNCHECKED,0,
PRRECS,"Prolonged-release capsule, soft",2,,"Depotkapsel, mjuk",0.5225129127502441,UNCHECKED,19082078,
PSISIU,,2,,,0.0,UNCHECKED,0,
PSNDSO,,2,,,0.0,UNCHECKED,0,
PULVR,,2,,,0.0,UNCHECKED,0,
SHFHDF,,2,,,0.0,UNCHECKED,0,
SOBFMO,Solution for blood fraction modification,2,,Lösning för modifiering av blodfraktion,0.2875211536884308,UNCHECKED,19111276,
SOFOIN,Solution for infusion and oral solution,2,,"Infusionsvätska, lösning och oral lösning",0.4215477406978607,UNCHECKED,19082170,
SUEIJE,,2,,,0.0,UNCHECKED,0,
TRPATA,,2,,,0.0,UNCHECKED,0,
VAGCAH,"Vaginal capsule, hard",2,,"Vaginalkapsel, hård",0.5002270340919495,UNCHECKED,19010962,
VCSVCR,,2,,,0.0,UNCHECKED,0,
WOUSTI,Wound stick,2,,Sårstift,0.12272077053785324,UNCHECKED,19127776,
CONGAR,Concentrate for gargle,1,,Koncentrat till gurgelvatten,0.15065604448318481,UNCHECKED,19082258,
COSIOI,,1,,,0.0,UNCHECKED,0,
CSSIJF,,1,,,0.0,UNCHECKED,0,
CUSPPO,"Cutaneous spray, powder",1,,"Kutan spray, pulver",0.5865612030029297,UNCHECKED,19082281,
CUTSPO,Cutaneous sponge,1,,Kutan svamp,0.2110770046710968,UNCHECKED,19082106,
DENPOW,Dental powder,1,,Dentalpulver,0.8276166915893555,UNCHECKED,19095976,
DENSTI,,1,,,0.0,UNCHECKED,0,
DEPBO,,1,,,0.0,UNCHECKED,0,
DIFOIN,Dispersion for infusion,1,,"Infusionsvätska, dispersion",0.23460491001605988,UNCHECKED,45775492,
DISTAD,,1,,,0.0,UNCHECKED,0,
EADSOS,,1,,,0.0,UNCHECKED,0,
EDPSSO,,1,,,0.0,UNCHECKED,0,
EDSUSD,,1,,,0.0,UNCHECKED,0,
ENCEGE,Endocervical gel,1,,Endocervikalgel,0.49654507637023926,UNCHECKED,19095916,
EYOSDC,,1,,,0.0,UNCHECKED,0,
GEMEPU,,1,,,0.0,UNCHECKED,0,
GINPAS,Gingival paste,1,,Tandköttspasta,0.5478954911231995,UNCHECKED,19095918,
HETEBA,,1,,,0.0,UNCHECKED,0,
IMMEST,,1,,,0.0,UNCHECKED,0,
IMPMAT,Implantation matrix,1,,Matrix för implantation,0.3622322380542755,UNCHECKED,40033316,
IMPSUS,Implantation suspension,1,,Suspension för implantation,0.6407269835472107,UNCHECKED,19001144,
INMAEM,,1,,,0.0,UNCHECKED,0,
INOCSO,,1,,,0.0,UNCHECKED,0,
INVAOI,"Inhalation vapour, ointment",1,,"Inhalationsånga, salva",0.4328482151031494,UNCHECKED,19095975,
IOTRSY,,1,,,0.0,UNCHECKED,0,
KITIMP,,1,,,0.0,UNCHECKED,0,
LITIEQ,Living tissue equivalent,1,,Levande vävnadsersättning,0.15022552013397217,UNCHECKED,40228416,
LÖALL,,1,,,0.0,UNCHECKED,0,
LYSSUS,,1,,,0.0,UNCHECKED,0,
MEVATA,Medicated vaginal tampon,1,,Vaginaltampong,0.5235785841941833,UNCHECKED,19010962,
MOUWTS,"Mouthwash, tablet for solution",1,,"Munsköljvätska, tablett till lösning",0.6872482299804688,UNCHECKED,19126590,
NASGEL,,1,,,0.0,UNCHECKED,0,
NASOIN,Nasal ointment,1,,Nässalva,0.9954444169998169,UNCHECKED,19082164,
ÖGDRO,,1,,,0.0,UNCHECKED,0,
ORDRLI,"Oral drops, liquid",1,,"Orala droppar, vätska",0.5380576252937317,UNCHECKED,40228416,
ORDRSU,"Oral drops, suspension",1,,"Orala droppar, suspension",0.594144344329834,UNCHECKED,19082191,
OROOIN,Oromucosal ointment,1,,Munhålesalva,0.5872297883033752,UNCHECKED,19095975,
ORRESU,Oral/rectal suspension,1,,Oral /rektalsuspension,0.6047580242156982,UNCHECKED,19082221,
ORSUSI,,1,,,0.0,UNCHECKED,0,
PCDIIF,Powder for concentrate for dispersion for infusion,1,,"Pulver till koncentrat till infusionsvätska, dispersion",0.43262723088264465,UNCHECKED,45775492,
PCDSIF,,1,,,0.0,UNCHECKED,0,
PLAST,,1,,,0.0,UNCHECKED,0,
POFODE,Powder for dental solution,1,,Pulver till dentallösning,0.8076667189598083,UNCHECKED,45775491,
POFOFO,,1,,,0.0,UNCHECKED,0,
POINSU,,1,,,0.0,UNCHECKED,0,
PONESU,Powder for nebuliser suspension,1,,Pulver till suspension för nebulisator,0.6583841443061829,UNCHECKED,45775492,
POONEM,Pour-on emulsion,1,,"Pour-on, emulsion",0.06899682432413101,UNCHECKED,40001732,
POSOSO,,1,,,0.0,UNCHECKED,0,
PRGOSU,,1,,,0.0,UNCHECKED,0,
PSIPRG,,1,,,0.0,UNCHECKED,0,
PSOIIN,Powder for nebuliser solution/solution for injection/infusion,1,,"Pulver till injektions-/infusions-/nebulisatorvätska, lösning",0.38963624835014343,UNCHECKED,45775491,
SOINJA,,1,,,0.0,UNCHECKED,0,
SOIVEU,Solution for intravesical use,1,,Lösning för intravesikal användning,0.4413534998893738,UNCHECKED,19082106,
STPOSO,,1,,,0.0,UNCHECKED,0,
SUSUIJ,,1,,,0.0,UNCHECKED,0,
TRASOL,Transdermal solution,1,,Transdermal lösning,0.7121264338493347,UNCHECKED,19082229,
TRASYS,,1,,,0.0,UNCHECKED,0,
TRFDB,,1,,,0.0,UNCHECKED,0,
BEHIGE,Bee-hive gel,0,,Bikupegel,0.26209208369255066,UNCHECKED,19095916,
BESMPA,Bee smoke paper,0,,Rökpapper för bi,0.12269790470600128,UNCHECKED,19082105,
BESMST,Bee smoke stick,0,,Rökstift för bi,0.08186084777116776,UNCHECKED,19127776,
BRGRA,Effervescent granules,0,,Brusgranulat,0.6903647184371948,UNCHECKED,44817840,
BRPUL,Effervescent powder,0,,Bruspulver,0.7417593598365784,UNCHECKED,44817840,
BSRLM,Kit for radiopharmaceutical preparation,0,,Beredningssats för radioaktiva läkemedel,0.15522634983062744,UNCHECKED,45775491,
CACHET,Cachet,0,,Oblatkapsel,0.2239065021276474,UNCHECKED,35606051,
CHCASO,"Chewable capsule, soft",0,,Tuggkapsel,0.5694954991340637,UNCHECKED,19135866,
CODIIF,Concentrate for dispersion for infusion,0,,"Koncentrat till infusionsvätska, dispersion",0.19753964245319366,UNCHECKED,45775492,
COLLOD,Collodion,0,,Kollodium,0.07563917338848114,UNCHECKED,19111276,
CONINT,Concentrate for intravesical solution,0,,Koncentrat till intravesikal lösning,0.4475729465484619,UNCHECKED,19082106,
COPEDI,Concentrate for peritoneal dialysis solution,0,,Koncentrat till peritonealdialysvätska,0.5300402641296387,UNCHECKED,19082105,
CORESO,Concentrate for rectal solution,0,,Koncentrat till rektallösning,0.5845828652381897,UNCHECKED,19082283,
CUNAOI,Cutaneous/nasal ointment,0,,Kutan salva/nässalva,0.5345451831817627,UNCHECKED,19082164,
CUSPEM,"Cutaneous spray, emulsion",0,,"Kutan spray, emulsion",0.3681081235408783,UNCHECKED,19095899,
CUTORO,Cutaneous solution/concentrate for oromucosal solution,0,,Kutan lösning/koncentrat till munhålelösning,0.3253684639930725,UNCHECKED,19095900,
DENEMU,Dental emulsion,0,,Dentalemulsion,0.13896317780017853,UNCHECKED,19082221,
DEPGR,Prolonged-release granules,0,,Depotgranulat,0.49051475524902344,UNCHECKED,19082651,
DEPÖG,"Eye drops, prolonged-release",0,,Depotögondroppar,0.3769754469394684,UNCHECKED,19082257,
DEPPL,Transdermal patch,0,,Depotplåster,0.772556483745575,UNCHECKED,19082071,
DIPEMU,Dip emulsion,0,,"Bad, emulsion",0.08504366874694824,UNCHECKED,19095914,
DIPSOL,Dip solution,0,,"Bad, lösning",0.5094724297523499,UNCHECKED,19111276,
DIPSUS,Dip suspension,0,,"Bad, suspension",0.6885553002357483,UNCHECKED,19001144,
DITAB,Dispersible tablet,0,,Dispergerbar tablett,0.298897385597229,UNCHECKED,19001943,
DNSTI,Dental stick,0,,Dentalstift,0.2126997858285904,UNCHECKED,19126316,
DRATA,Coated tablet,0,,Dragerad tablett,0.5637792348861694,UNCHECKED,19082257,
EADREM,"Ear drops, emulsion",0,,"Örondroppar, emulsion",0.11010207235813141,UNCHECKED,19095914,
EAEYDR,"Ear/eye drops, suspension",0,,"Öron-/ögondroppar, suspension",0.35408639907836914,UNCHECKED,19001144,
EAEYNA,"Ear/eye/nasal drops, solution",0,,"Öron-/ögon-/näsdroppar, lösning",0.3052225410938263,UNCHECKED,19082165,
EAEYOI,Ear/eye ointment,0,,Öron-/ögonsalva,0.39770811796188354,UNCHECKED,19095975,
EARCRE,Ear cream,0,,Öronkräm,0.6982962489128113,UNCHECKED,19082169,
EARPOW,Ear powder,0,,Öronpulver,0.7802005410194397,UNCHECKED,19135790,
EARSTI,Ear stick,0,,Öronstift,0.2181103527545929,UNCHECKED,40227748,
EARTAM,Ear tampon,0,,Örontampong,0.2741425633430481,UNCHECKED,19008697,
EASPEM,"Ear spray, emulsion",0,,"Öronspray, emulsion",0.41388341784477234,UNCHECKED,19095899,
EASPSO,"Ear spray, solution",0,,"Öronspray, lösning",0.522285521030426,UNCHECKED,19095899,
EASPSU,"Ear spray, suspension",0,,"Öronspray, suspension",0.5427829623222351,UNCHECKED,19001144,
EAWAEM,"Ear wash, emulsion",0,,"Öronsköljvätska, emulsion",0.21967774629592896,UNCHECKED,19126590,
EFVATA,Effervescent vaginal tablet,0,,Vaginal brustablett,0.7695010900497437,UNCHECKED,44817840,
ENTGR,Gastro-resistant granules,0,,Enterogranulat,0.6334927082061768,UNCHECKED,19082257,
ETPIPS,"Endotracheopulmonary instillation, powder for solution",0,,"Instillationsvätska för luftvägarna, pulver till lösning",0.4315190315246582,UNCHECKED,45775491,
ETPISO,"Endotracheopulmonary instillation, solution",0,,"Instillationsvätska för luftvägarna, lösning",0.23374681174755096,UNCHECKED,19111276,
EYDSRE,"Eye drops, solvent for reconstitution",0,,Vätska för beredning av ögondroppar,0.1932685226202011,UNCHECKED,19082283,
EYECRE,Eye cream,0,,Ögonkräm,0.5820041298866272,UNCHECKED,19082169,
EYELOT,Eye lotion,0,,Ögonsköljvätska,0.537688672542572,UNCHECKED,19011932,
EYLSRE,"Eye lotion, solvent for reconstitution",0,,Vätska för beredning av ögonsköljvätska,0.28266769647598267,UNCHECKED,19011932,
FRYTA,Oral lyophilisate,0,,Frystorkad tablett,0.1091601550579071,UNCHECKED,19082225,
GAENEM,Gastroenteral emulsion,0,,Gastroenteral emulsion,0.2828856408596039,UNCHECKED,40228366,
GAENSO,Gastroenteral solution,0,,Gastroenteral lösning,0.4704367518424988,UNCHECKED,19082170,
GAENSU,Gastroenteral suspension,0,,Gastroenteral suspension,0.6218570470809937,UNCHECKED,19082191,
GAPOSO,"Gargle, powder for solution",0,,"Gurgelvatten, pulver till lösning",0.597151517868042,UNCHECKED,45775491,
GARECS,"Gastro-resistant capsule, soft",0,,"Enterokapsel, mjuk",0.5901764631271362,UNCHECKED,19082257,
GARGLE,Gargle,0,,Gurgelvatten,0.1123751699924469,UNCHECKED,40228366,
GATASO,"Gargle, tablet for solution",0,,"Gurgelvatten, tablett till lösning",0.3111589252948761,UNCHECKED,19111276,
GEL,Gel,0,,Gel,1.0,UNCHECKED,19112544,
GINGEL,Gingival gel,0,,Tandköttsgel,0.5169017314910889,UNCHECKED,19095916,
GRASYR,Granules for syrup,0,,Granulat till sirap,0.6610401272773743,UNCHECKED,45775489,
GRORRE,Granules for oral/rectal suspension,0,,Granulat till oral suspension/rektalsuspension,0.7126777768135071,UNCHECKED,45775490,
GTOLÖ,Granules for oral solution,0,,Granulat till oral lösning,0.9974656105041504,UNCHECKED,45775489,
HMFIL,Solution for haemofiltration,0,,Hemofiltrationsvätska,0.29935166239738464,UNCHECKED,19111276,
IMPLA,Implant,0,,Implantat,0.6218309998512268,UNCHECKED,40033316,
IMPPAD,Impregnated pad,0,,Impregnerad kudde,0.45068618655204773,UNCHECKED,19130307,
INÅV,"Inhalation vapour, solution",0,,"Inhalationsånga, lösning",0.5732975602149963,UNCHECKED,19095898,
INFVL,Solution for infusion,0,,"Infusionsvätska, lösning",0.38839221000671387,UNCHECKED,19111276,
INHETE,Instant herbal tea,0,,"Örtte, lösligt",0.1370493769645691,UNCHECKED,19126590,
INHGA,Inhalation gas,0,,Inhalationsgas,0.6666409969329834,UNCHECKED,19082258,
INHPH,"Inhalation powder, hard capsule",0,,"Inhalationspulver, hård kapsel",0.5593885779380798,UNCHECKED,19082259,
INIMPA,Inhalation impregnated pad,0,,Impregnerad inhalationskudde,0.4411613345146179,UNCHECKED,19095898,
INPESO,Intraperitoneal solution,0,,Intraperitoneal lösning,0.998612105846405,UNCHECKED,19082105,
INSLS,"Endotracheopulmonary instillation, suspension",0,,"Instillationsvätska för luftvägarna, suspension",0.37837597727775574,UNCHECKED,35606051,
INTFOA,Intrauterine foam,0,,Intrauterint skum,0.5851781964302063,UNCHECKED,19082102,
INUTCA,Intrauterine capsule,0,,Intrauterin kapsel,0.5627497434616089,UNCHECKED,19021887,
INUTEM,Intrauterine emulsion,0,,Intrauterin emulsion,0.1591503918170929,UNCHECKED,35606051,
INUTSO,Intrauterine solution,0,,Intrauterin lösning,0.46022018790245056,UNCHECKED,19111276,
INUTSU,Intrauterine suspension,0,,Intrauterin suspension,0.6353147029876709,UNCHECKED,19001144,
INVACA,"Inhalation vapour, capsule",0,,"Inhalationsånga, kapsel",0.42169278860092163,UNCHECKED,19095898,
INVAIM,"Inhalation vapour, impregnated pad",0,,"Inhalationsånga, impregnerad kudde",0.3483908176422119,UNCHECKED,19095898,
INVAPO,"Inhalation vapour, powder",0,,"Inhalationsånga, pulver",0.5588146448135376,UNCHECKED,19082259,
INVATA,"Inhalation vapour, tablet",0,,"Inhalationsånga, tablett",0.440571665763855,UNCHECKED,19095898,
isosol,Intravesical solution/solution for injection,0,,"Intravesikal lösning/injektionsvätska, lösning",0.35748860239982605,UNCHECKED,19082106,
ISPSU,"Pressurised inhalation, suspension",0,,"Inhalationsspray, suspension",0.46707138419151306,UNCHECKED,19001144,
KUTEM,Cutaneous emulsion,0,,Kutan emulsion,0.17071406543254852,UNCHECKED,19082110,
KUTSK,Cutaneous foam,0,,Kutant skum,0.5680241584777832,UNCHECKED,19082102,
LICBLO,Lick block,0,,Slicksten,0.10927024483680725,UNCHECKED,19127776,
LÖFIA,Solution for intraperitoneal use,0,,Lösning för intraperitoneal användning,0.7539573311805725,UNCHECKED,19082105,
LYONSU,Lyophilisate for oculonasal suspension,0,,Frystorkat pulver till okulonasal suspension,0.5294734239578247,UNCHECKED,19095977,
MEDCOL,Medicated collar,0,,Medicinskt halsband,0.5332349538803101,UNCHECKED,19130307,
MEDPEN,Medicated pendant,0,,Medicinerad manchett,0.583823561668396,UNCHECKED,19130307,
MEDPL,Medicated plaster,0,,Medicinskt plåster,0.6307551860809326,UNCHECKED,19130307,
MEDSPO,Medicated sponge,0,,Medicinerad svamp,0.5022537708282471,UNCHECKED,19130307,
MEDTHR,Medicated thread,0,,Medicinerad tråd,0.5582117438316345,UNCHECKED,19130329,
METUG,Medicated chewing-gum,0,,Medicinskt tuggummi,0.513894259929657,UNCHECKED,19102296,
MHGEL,Oromucosal gel,0,,Munhålegel,0.529037594795227,UNCHECKED,19095900,
MOPOSO,"Mouthwash, powder for solution",0,,"Munsköljvätska, pulver till lösning",0.6568382382392883,UNCHECKED,19126590,
MOREGR,Modified-release granules,0,,Granulat med modifierad frisättning,0.49683254957199097,UNCHECKED,19082651,
NADREM,"Nasal drops, emulsion",0,,"Näsdroppar, emulsion",0.3059544563293457,UNCHECKED,19082165,
NÄGEL,Nasal gel,0,,Näsgel,1.0,UNCHECKED,19082163,
NAORSP,"Nasal/oromucosal spray, solution",0,,"Näs-/munhålespray, lösning",0.5549234747886658,UNCHECKED,19095900,
NASCRE,Nasal cream,0,,Näskräm,1.0,UNCHECKED,19082161,
NASOOR,"Nasal spray, solution/oromucosal solution",0,,Nässpray/munhålelösning,0.5524722337722778,UNCHECKED,19095900,
NASPEM,"Nasal spray, emulsion",0,,"Nässpray, emulsion",0.5845537185668945,UNCHECKED,19011167,
NÄSPL,"Nasal spray, solution",0,,"Nässpray, lösning",0.7247778177261353,UNCHECKED,19011167,
NASPPO,"Nasal spray, powder for solution",0,,"Nässpray, pulver till lösning",0.6822762489318848,UNCHECKED,45775488,
NÄSPS,"Nasal spray, suspension",0,,"Nässpray, suspension",0.7045897245407104,UNCHECKED,19095977,
NÄSTI,Nasal stick,0,,Nässtift,0.5778860449790955,UNCHECKED,19082165,
NASWAS,Nasal wash,0,,Nässköljvätska,0.4395690858364105,UNCHECKED,19082165,
NEBNSO,Nebulisation solution,0,,Nebulisationslösning,0.35302966833114624,UNCHECKED,19111276,
NEBREM,Nebuliser emulsion,0,,Emulsion för nebulisator,0.0769953802227974,UNCHECKED,19095914,
No Map,Concentrate for oral suspension,0,,Koncentrat för oral suspension,0.6453261971473694,UNCHECKED,19082191,
ODRLÖ,"Oral drops, solution",0,,"Orala droppar, lösning",0.43529263138771057,UNCHECKED,19082170,
ÖDRLÖ,"Eye drops, solution",0,,"Ögondroppar, lösning",0.3441157639026642,UNCHECKED,19111276,
ÖGSAL,Eye ointment,0,,Ögonsalva,0.6906548738479614,UNCHECKED,19095975,
OPHSTR,Ophthalmic strip,0,,Ögonremsa,0.7885136008262634,UNCHECKED,19129634,
ORDRGR,"Oral drops, granules for solution",0,,"Orala droppar, granulat till lösning",0.6735079884529114,UNCHECKED,45775489,
OREMU,Oral emulsion,0,,Oral emulsion,0.14083372056484222,UNCHECKED,19082191,
ORLASO,"Oromucosal/laryngopharyngeal solution/spray, solution",0,,Munhåle-/laryngofaryngeal lösning/spray,0.40610525012016296,UNCHECKED,19095900,
ORMUCA,Oromucosal capsule,0,,Munhålekapsel,0.5279034376144409,UNCHECKED,19082168,
ORMUCR,Oromucosal cream,0,,Munhålekräm,0.5141701102256775,UNCHECKED,19095900,
ORMUDR,Oromucosal drops,0,,Munhåledroppar,0.5001906156539917,UNCHECKED,19095900,
ORMUSU,Oromucosal suspension,0,,Munhålesuspension,0.5815508365631104,UNCHECKED,19082191,
ÖRNSA,Ear ointment,0,,Öronsalva,0.7823118567466736,UNCHECKED,19095975,
ORSPEM,"Oromucosal spray, emulsion",0,,"Munhålespray, emulsion",0.6061170697212219,UNCHECKED,19095900,
ORSPSU,"Oromucosal spray, suspension",0,,"Munhålespray, suspension",0.6611924767494202,UNCHECKED,19095900,
ORSUS,Oral suspension,0,,Oral suspension,1.0,UNCHECKED,19082191,
PILLUL,Pillules,0,,Granuler,0.21244673430919647,UNCHECKED,19082651,
PISSFI,Powder for intravesical solution/solution for injection,0,,"Pulver till intravesikal lösning/injektionsvätska, lösning",0.5110082626342773,UNCHECKED,45775491,
POBLIR,Powder for bladder irrigation,0,,Pulver till spolvätska för urinblåsan,0.4997519254684448,UNCHECKED,19016586,
PODIIF,Powder for dispersion for infusion,0,,"Pulver till infusionsvätska, dispersion",0.49127131700515747,UNCHECKED,45775492,
PODRWA,Powder for use in drinking water/milk,0,,Pulver för användning i dricksvatten/mjölk,0.317666232585907,UNCHECKED,45775491,
POEPSO,Powder for epilesional solution,0,,"Pulver till epilesionalvätska, lösning",0.6777890920639038,UNCHECKED,45775491,
POFOCO,Powder for concentrate for intravesical suspension,0,,Pulver till koncentrat till intravesikal suspension,0.6544119119644165,UNCHECKED,45775492,
POFOIN,Powder for intravesical solution,0,,Pulver till intravesikal lösning,0.6862159967422485,UNCHECKED,45775491,
POIMSU,Powder for implantation suspension,0,,Pulver till suspension för implantation,0.7278763055801392,UNCHECKED,45775492,
PORESO,Powder for rectal solution,0,,Pulver till rektallösning,0.801443874835968,UNCHECKED,45775491,
PORESU,Powder for rectal suspension,0,,Pulver till rektalsuspension,0.8409446477890015,UNCHECKED,45775492,
PORSU,Powder for oral suspension,0,,Pulver till oral suspension,0.9952341318130493,UNCHECKED,45775492,
POULTI,Poultice,0,,Medicinskt omslag,0.0937800407409668,UNCHECKED,19082195,
POWSYR,Powder for syrup,0,,Pulver till sirap,0.623161256313324,UNCHECKED,19082223,
PRINEM,"Pressurised inhalation, emulsion",0,,"Inhalationsspray, emulsion",0.3805920481681824,UNCHECKED,19095898,
PTISU,Powder for suspension for injection,0,,"Pulver till injektionsvätska, suspension",0.7923723459243774,UNCHECKED,45775492,
PUDER,Cutaneous powder,0,,Puder,0.5823608040809631,UNCHECKED,19135790,
PUOLÖ,Powder for oral solution,0,,Pulver till oral lösning,0.9939237833023071,UNCHECKED,45775491,
RECCAP,Rectal capsule,0,,Rektalkapsel,0.7839416265487671,UNCHECKED,19082168,
RECEMU,Rectal emulsion,0,,Rektalemulsion,0.3203607499599457,UNCHECKED,19082283,
RECTAM,Rectal tampon,0,,Rektaltampong,0.38996508717536926,UNCHECKED,19082283,
REKGE,Rectal gel,0,,Rektalgel,1.0,UNCHECKED,19095917,
REKLÖ,Rectal solution,0,,Rektallösning,1.0,UNCHECKED,19082283,
RESSU,Sublingual tablet,0,,"Resoriblett, sublingual",0.9945756793022156,UNCHECKED,19082285,
RNGEN,Radionuclide generator,0,,Radionuklidgenerator,0.192731112241745,UNCHECKED,19111155,
SALVA,Ointment,0,,Salva,0.991202712059021,UNCHECKED,19129401,
SCHAM,Shampoo,0,,Schampo,0.7501837015151978,UNCHECKED,19008697,
SIRAP,Syrup,0,,Sirap,1.0,UNCHECKED,19082223,
SOHADF,Solution for haemodiafiltration,0,,Hemodiafiltrationsvätska,0.27439644932746887,UNCHECKED,19111276,
SOHADI,Solution for haemodialysis,0,,Hemodialysvätska,0.307498574256897,UNCHECKED,19111276,
SOIOPH,Solution for iontophoresis,0,,Lösning för jontofores,0.35708683729171753,UNCHECKED,19111276,
SOPRTE,Solution for provocation test,0,,Lösning för provokationstest,0.32779085636138916,UNCHECKED,19111276,
SOSCTE,Solution for skin-scratch test,0,,Lösning för risttest,0.3281433582305908,UNCHECKED,19082701,
SPOLV,Irrigation solution,0,,Spolvätska,0.9876782298088074,UNCHECKED,19016586,
SPONEM,Spot-on emulsion,0,,"Spot-on, emulsion",0.08141010999679565,UNCHECKED,19001144,
SPONSU,Spot-on suspension,0,,"Spot-on, suspension",0.49376004934310913,UNCHECKED,19001144,
STOIRR,Stomach irrigation,0,,Magspolvätska,0.6113326549530029,UNCHECKED,19016586,
TARESO,Tablet for rectal solution,0,,Tablett till rektallösning,0.6785488128662109,UNCHECKED,19082283,
TARESU,Tablet for rectal suspension,0,,Tablett till rektalsuspension,0.7643097043037415,UNCHECKED,19082221,
TAVASO,Tablet for vaginal solution,0,,Tablett till vaginallösning,0.646772563457489,UNCHECKED,19010962,
TEASTI,Teat stick,0,,Spenstift,0.12930789589881897,UNCHECKED,19127776,
TEDIEM,Teat dip emulsion,0,,"Spendopp, emulsion",0.07429178804159164,UNCHECKED,19082257,
TEDISO,Teat dip solution,0,,"Spendopp, lösning",0.3925793766975403,UNCHECKED,19111276,
TEDISU,Teat dip suspension,0,,"Spendopp, suspension",0.5661420226097107,UNCHECKED,19001144,
TESPSO,Teat spray solution,0,,"Spenspray, lösning",0.5517981052398682,UNCHECKED,19095899,
UREGEL,Urethral gel,0,,Uretralgel,1.0,UNCHECKED,19095974,
VACASO,"Vaginal capsule, soft",0,,"Vaginalkapsel, mjuk",0.49965038895606995,UNCHECKED,19010962,
VAGEMU,Vaginal emulsion,0,,Vaginalemulsion,0.5059875249862671,UNCHECKED,19010962,
VAGKR,Vaginal cream,0,,Vaginalkräm,1.0,UNCHECKED,19010878,
VAGOIN,Vaginal ointment,0,,Vaginalsalva,0.9953821301460266,UNCHECKED,19082287,
VAGSK,Vaginal foam,0,,Vaginalskum,1.0,UNCHECKED,19010879,
VAGSPO,Vaginal sponge,0,,Vaginalsvamp,0.6120381355285645,UNCHECKED,19010962,
VAGSUS,Vaginal suspension,0,,Vaginalsuspension,0.7074981331825256,UNCHECKED,19082191,
VGGEL,Vaginal gel,0,,Vaginalgel,1.0,UNCHECKED,19010880,
